username,email,password
usuario1,usuario1@gmail.com,Abcd.123
usuario2,usuario2@gmail.com,Abcd.123
usuario3,usuario3@gmail.com,Abcd.123
usuario4,usuario4@gmail.com,Abcd.123
usuario5,usuario5@gmail.com,Abcd.123
usuario6,usuario6@gmail.com,Abcd.123
usuario7,usuario7@gmail.com,Abcd.123
usuario8,usuario8@gmail.com,Abcd.123
usuario9,usuario9@gmail.com,Abcd.123
usuario10,usuario10@gmail.com,Abcd.123
usuario11,usuario11@gmail.com,Abcd.123
usuario12,usuario12@gmail.com,Abcd.123
usuario13,usuario13@gmail.com,Abcd.123
usuario14,usuario14@gmail.com,Abcd.123
usuario15,usuario15@gmail.com,Abcd.123
usuario16,usuario16@gmail.com,Abcd.123
usuario17,usuario17@gmail.com,Abcd.123
usuario18,usuario18@gmail.com,Abcd.123
usuario19,usuario19@gmail.com,Abcd.123
usuario20,usuario20@gmail.com,Abcd.123